Comment,Designator,Footprint,LCSC Part #
MMICT3902-00-012,U2,Knowles_LGA-5_3.5x2.65mm,C3171752
W25Q256JVEIQ,U4,WSON-8-1EP_8x6mm_P1.27mm_EP3.4x4.3mm,C97522
MCP73831T-2ACI/OT,U5,SOT-23-5,C424093
MAX17048G+T10,U6,DFN-8-1EP_2x2mm_P0.5mm_EP0.9x1.3mm,C2682616
LIS2DW12TR,U7,LGA-12_2x2mm_P0.5mm,C189624
DRV2605LDGSR,U8,TSSOP-10_3x3mm_P0.5mm,C527464
TPS7A0233PDBVR,U9,SOT-23-5,C2887324
USBLC6-2SC6,U10,SOT-23-6,C7519
AO3401A,"Q2,Q6",SOT-23,C347476
AO3400A,"Q1,Q3,Q4,Q5,Q7,Q8",SOT-23,C20917
1N4148W,D4,D_SOD-123,C81598
TYPE-C-31-M-12,J1,USB_C_Receptacle_HRO_TYPE-C-31-M-12,C165948
S2B-PH-SM4-TB(LF)(SN),J2,JST_PH_S2B-PH-SM4-TB_1x02-1MP_P2.00mm_Horizontal,C295747
TS-1010-C-A,SW1,KEY-SMD_TX-1010-X-X,C692458
MLT-5020,BZ1,BUZ-SMD_L5.0-W5.5-P4.60,C94598
SC-32S 32.768kHz 20PPM 12.5pF,Y1,Crystal_SMD_3215-2Pin_3.2x1.5mm,C97606
KT-0603R,D1,LED_0603_1608Metric,C2286
TJ-S1615SW6TGLCCYRGB-A5,D2,LED_RGB_TOGIALED_1615_1.6x1.5mm,C273610
NCD0603G3,D3,LED_0603_1608Metric,C7429914
0402WGF5101TCE,"R1,R2,R6",R_0402_1005Metric,C25905
CL05A475KP5NRNC,"C1,C2",C_0402_1005Metric,C368809
0402WGF1001TCE,"R5,R7,R8",R_0402_1005Metric,C11702
0402WGF5600TCE,"R9,R10",R_0402_1005Metric,C25126
0402WGF2201TCE,"R3,R4,R11",R_0402_1005Metric,C25879
0402WGF1003TCE,"R12,R13,R15,R16,R17,R18,R20,R21",R_0402_1005Metric,C25741
0402WGJ022JTCE,R14,R_0402_1005Metric,C25158
CL05B104KO5NNNC,"C5,C10,C11,C13",C_0402_1005Metric,C1525
CL05A105KA5NQNC,"C3,C4,C14,C15",C_0402_1005Metric,C52923
CL10A106KP8NNNC,"C6,C7,C12",C_0603_1608Metric,C19702
CL05C180JB5NNNC,"C8,C9",C_0402_1005Metric,C307443
CL05C181JB5NNNC,"C16,C17",C_0402_1005Metric,C12209
25121WF100JT4E,R19,R_2512_6332Metric,C47019
MDBT50Q-1MV2,U1,Raytac_MDBT50Q,C5118826
SMD0805P050TF,F1,Fuse_0805_2012Metric,C20978
SMF5.0A,D5,D_SOD-123F,C193402
